{"cameraMode":{"drawMode":0,"name":"Shaded","section":"Shading Mode"},"sceneLighting":true,"audioPlay":false,"sceneViewState":{"m_AlwaysRefresh":false,"showFog":true,"showSkybox":true,"showFlares":true,"showImageEffects":true,"showParticleSystems":true,"showVisualEffectGraphs":true,"m_FxEnabled":true},"in2DMode":false,"pivot":{"x":-4.824445724487305,"y":2.7486329078674318,"z":28.788257598876954},"rotation":{"x":-0.15269336104393006,"y":-0.8466535806655884,"z":0.37892216444015505,"w":-0.34113213419914248},"size":54.56033706665039,"orthographic":true}